ProductCategory,TotalRevenue,AverageOrderValue,OrderCount
Clothing,3807.0,317.25,12
Electronics,9172.692307692309,611.5128205128206,15
Furniture,23450.0,2605.5555555555557,9
Grocery,1320.0,94.28571428571429,14
